"No.","Date","Type Of Document","Name of Receiver","Remarks","Status"
"2","01-27-23 01:39:56 PM","CERTIFICATEZZZZZ","RONEL","REMARKS","PENDING"
"3","02-1-23 12:45:15 AM","DSADSA","DSA","SADA","PENDING"
"4","02-1-23 12:45:58 AM","DSADSA","SAD","DAD","PENDING"
"5","02-1-23 01:33:42 AM","DSADASDA","SAD","DSADSA","PENDING"
"6","02-1-23 02:18:07 AM","RONEL","TAGALA","TEST","PENDING"
"7","02-1-23 02:31:38 AM","DSADSA","SAD","DAD","PENDING"
"8","02-1-23 04:01:01 AM","DSAD","RONEL TAGALA","SFAFSA","PENDING"
"9","02-1-23 04:04:41 AM","RONEL GAMING","DES","SES","SUBMIT"
"12","02-8-23 01:03:28 AM","SFAFSA","ASFAF","SAFAS","PENDING"
"13","02-8-23 01:03:32 AM","FSAFAGDA","GDHWR","DSAH WAGHER","PENDING"
"14","02-8-23 01:03:36 AM","FAIOFHSA FSIOA","IODFAIOHFDA ","IFDAIJOFDA","PENDING"
"15","02-8-23 01:03:41 AM","JIGDAJO GDJOASGGJO A DSADADA SDSADSADSA DSA","IGSJOGDSADASDSA DASDSADSAD","RONEL TAGALAAAAAAAAAAAAA KLNLNL JKGUGKUGUUU","PENDING"
"16","02-8-23 01:03:49 AM","JIOPGDASJO GAOJ","DGSK GJOSAG","DGIOJA GDAJ","PENDING"
"17","02-8-23 01:03:54 AM","FAOP FDAJF AD","DFA GJDAS","GDJOSPGJSA","PENDING"
"18","02-8-23 01:03:59 AM","HFJAOSPJ FGDAJO","JDOGSAJO GDAO","GDAGJOADJG","PENDING"
"19","02-8-23 01:04:04 AM","FDASJOJFDAF DAA","FDJOAJOFDA","DFA JOFDAO","PENDING"
"20","02-8-23 01:04:09 AM","FODAPJF ADFADF","FDJOAJOFDA","OJDSAFJDAS","PENDING"
"21","02-8-23 01:04:44 AM","OIJDSAJIDSA ","SDJOAJDOSA","OPJSFAJSA","PENDING"
"22","02-8-23 01:04:48 AM","JPOFPDAJOFDA","FSDALKJFJAS","DD;OJLGSAJOGDA","PENDING"
"26","02-8-23 01:13:10 AM","DSADSA","DASDS","DSADSADSA","PENDING"
"27","02-8-23 01:13:16 AM","DSADAS FASFA","DSADSA","SADSAD ASDSA","PENDING"
"28","02-8-23 01:13:20 AM","DSAG DSAGS","GDASG"," GDASGDA","PENDING"
"29","02-8-23 04:41:09 AM","RFASDA","SADSA","DSADSADAS","PENDING"
"30","02-8-23 04:41:14 AM","DSADASD ASDADSADSA","DSADSA","SADASDSADSA","PENDING"
"31","02-8-23 04:41:17 AM","DSADA TGEAWF A","1FDAFAD","DFASFAD","PENDING"
"32","02-8-23 04:41:21 AM","FSAF AGWEG","FDAG DGA","FGDAGADDGA","PENDING"
"33","02-8-23 04:41:25 AM","FSA GAGDA","FDA GADG","GFSGHS","PENDING"
"34","02-8-23 04:41:30 AM","FDA HEFAHAQ","GSHGAS H","GDSGAGDA","PENDING"
"35","02-8-23 04:41:33 AM","EHSA DGA G","DTA GDA","DGFAGADGDA","PENDING"
"36","02-8-23 04:41:39 AM","HSWAHGFGA DGAGASD","DFA","FSDAGD","PENDING"
